2020/6/7(Sun) 21:59:15.742,ccc,posted,-M9DrGx8cIBgt09KEjFP,
2020/6/7(Sun) 22:17:22.597,ccc,tap a menu icon,,
2020/6/7(Sun) 22:17:23.442,ccc,open a logout form,,
2020/6/7(Sun) 22:17:24.465,ccc,logout,,
2020/6/7(Sun) 22:17:29.441,ccc,login,,
2020/6/7(Sun) 22:17:42.506,ccc,posted,-M9DvV9JE4lOKR_47MPX,
2020/6/7(Sun) 22:17:59.347,ccc,check self id,,
2020/6/7(Sun) 22:18:46.181,ccc,posted,-M9DvjhDrilDXZRHIKAu,
2020/6/7(Sun) 22:24:14.808,ccc,tap a menu icon,,
2020/6/7(Sun) 22:24:15.723,ccc,open a logout form,,
2020/6/7(Sun) 22:24:16.929,ccc,logout,,
2020/6/7(Sun) 22:24:20.49,ccc,login,,
2020/6/7(Sun) 22:24:25.357,ccc,check self id,,
2020/6/7(Sun) 22:29:5.920,ccc,tap a menu icon,,
2020/6/7(Sun) 22:29:6.724,ccc,open a logout form,,
2020/6/7(Sun) 22:29:7.548,ccc,logout,,
2020/6/7(Sun) 22:29:11.709,ccc,login,,
2020/6/7(Sun) 22:30:27.562,ccc,tap a menu icon,,
2020/6/7(Sun) 22:30:28.593,ccc,open a logout form,,
2020/6/7(Sun) 22:30:29.789,ccc,logout,,
2020/6/7(Sun) 22:30:41.629,ccc,login,,
2020/6/7(Sun) 22:48:43.798,ccc,tap a menu icon,,
2020/6/7(Sun) 22:48:44.601,ccc,open a logout form,,
2020/6/7(Sun) 22:48:45.703,ccc,logout,,
2020/6/7(Sun) 22:54:59.77,ccc,login,,
2020/6/7(Sun) 23:1:16.132,ccc,tap a menu icon,,
2020/6/7(Sun) 23:1:17.429,ccc,open a logout form,,
2020/6/7(Sun) 23:1:18.455,ccc,logout,,
2020/6/7(Sun) 23:3:44.656,ccc,login,,
2020/6/7(Sun) 23:3:47.410,ccc,tap a menu icon,,
2020/6/7(Sun) 23:3:48.316,ccc,open a logout form,,
2020/6/7(Sun) 23:3:49.317,ccc,logout,,
2020/6/7(Sun) 23:7:50.443,ccc,tap a menu icon,,
2020/6/7(Sun) 23:7:51.352,ccc,check self id,,
2020/6/7(Sun) 23:7:52.804,ccc,tap a menu icon,,
2020/6/7(Sun) 23:7:53.684,ccc,open a logout form,,
2020/6/7(Sun) 23:7:54.819,ccc,logout,,
2020/6/7(Sun) 23:19:27.648,ccc,tap a menu icon,,
2020/6/7(Sun) 23:19:28.535,ccc,open a logout form,,
2020/6/7(Sun) 23:19:29.422,ccc,logout,,
2020/6/7(Sun) 23:46:11.717,ccc,tap a menu icon,,
2020/6/7(Sun) 23:46:12.902,ccc,open a logout form,,
2020/6/7(Sun) 23:46:13.908,ccc,logout,,
2020/6/7(Sun) 23:46:17.778,ccc,login,,
2020/6/7(Sun) 23:47:48.164,ccc,tap a menu icon,,
2020/6/7(Sun) 23:47:49.72,ccc,open a logout form,,
2020/6/7(Sun) 23:47:50.22,ccc,logout,,
2020/6/7(Sun) 23:48:8.948,ccc,login,,
2020/6/7(Sun) 23:53:48.720,ccc,tap a menu icon,,
2020/6/7(Sun) 23:53:49.525,ccc,check self id,,
2020/6/7(Sun) 23:53:50.572,ccc,tap a menu icon,,
2020/6/7(Sun) 23:53:51.423,ccc,open a logout form,,
2020/6/7(Sun) 23:53:52.300,ccc,logout,,
2020/6/7(Sun) 23:54:41.627,ccc,login,,
2020/6/7(Sun) 23:55:22.149,ccc,tap a menu icon,,
2020/6/7(Sun) 23:55:23.6,ccc,open a logout form,,
2020/6/7(Sun) 23:55:23.943,ccc,logout,,
2020/6/7(Sun) 23:55:35.458,ccc,login,,
2020/6/7(Sun) 23:58:21.665,ccc,tap a menu icon,,
2020/6/7(Sun) 23:58:22.411,ccc,open a logout form,,
2020/6/7(Sun) 23:58:23.536,ccc,logout,,
2020/6/7(Sun) 23:58:34.984,ccc,login,,
2020/6/8(Mon) 0:0:56.209,ccc,tap a menu icon,,
2020/6/8(Mon) 0:0:57.31,ccc,open a logout form,,
2020/6/8(Mon) 0:0:58.69,ccc,logout,,
2020/6/8(Mon) 0:1:14.180,ccc,login,,
2020/6/8(Mon) 0:1:40.998,ccc,posted,-M9EIIDdP2HIdmU43CMH,
2020/6/8(Mon) 0:6:4.215,ccc,posted,-M9EJIU_bDS7po-ER17p,
2020/6/8(Mon) 0:6:7.230,ccc,tap a reply icon,-M9EJIU_bDS7po-ER17p,ccc
2020/6/8(Mon) 0:6:10.116,ccc,posted,-M9EJJvppbTwLd40KgUt,
2020/6/8(Mon) 0:6:13.540,ccc,tap a tweet,-M9EJIU_bDS7po-ER17p,
2020/6/8(Mon) 0:6:17.69,ccc,tap a tweet,-M9EJIU_bDS7po-ER17p,
2020/6/8(Mon) 0:6:20.193,ccc,tap a tweet,-M9EJJvppbTwLd40KgUt,
2020/6/8(Mon) 0:8:33.526,ccc,tap a menu icon,,
2020/6/8(Mon) 0:8:38.328,ccc,open a logout form,,
2020/6/8(Mon) 0:8:39.801,ccc,logout,,
2020/6/8(Mon) 0:26:22.214,ccc,login,,
2020/6/8(Mon) 0:26:26.477,ccc,posted,-M9ENxtH2tCmxgc6r8NN,
2020/6/8(Mon) 0:26:31.677,ccc,tap a icon(move to profile),ccc,
2020/6/8(Mon) 0:26:33.3,ccc,back from profile,,
2020/6/8(Mon) 0:47:30.78,ccc,tap a menu icon,,
2020/6/8(Mon) 0:47:31.52,ccc,open a logout form,,
2020/6/8(Mon) 0:47:31.838,ccc,logout,,
